"","chisq","df","p"
"log_tmb",0.4131315564742,1,0.520384315229547
"aneu",3.26714905583697,1,0.0706803556004864
"GLOBAL",3.44666104209407,2,0.178470756369452
